{
  "results": [
    {
      "abs_correlation": 0.00579833984375,
      "approx_95ci_high": 0.5067272305691269,
      "approx_95ci_low": 0.499071109274623,
      "bias": 0.002899169921875,
      "correlation": 0.00579833984375,
      "feedforward": false,
      "input_difference": "w04.b00",
      "input_difference_bits": [
        [
          4,
          0
        ]
      ],
      "matches": 32958,
      "output_mask": "w08.b13+w12.b13",
      "output_mask_bits": [
        [
          8,
          13
        ],
        [
          12,
          13
        ]
      ],
      "probability": 0.502899169921875,
      "rounds": 4,
      "samples": 65536,
      "seed": 20260618,
      "standard_error": 0.001953092166965296
    }
  ]
}
