rank,input_difference,output_mask,samples,matches,probability,bias,correlation,abs_correlation,standard_error,approx_95ci_low,approx_95ci_high,seed,rounds,feedforward
1,w04.b00,w08.b13+w12.b13,65536,32958,0.502899169921875,0.002899169921875,0.00579833984375,0.00579833984375,0.001953092166965296,0.499071109274623,0.5067272305691269,20260618,4,False
